pubmed articles,sample_id
27486450,"['lp_0050', 'lp_0725', 'lp_0775', 'lp_0789', 'lp_1002', 'lp_1153', 'lp_1424', 'lp_1425', 'lp_1760', 'lp_2256', 'lp_2486', 'lp_2631', 'lp_2714', 'lp_2942', 'lp_2956', 'lp_2991', 'lp_3014', 'lp_3059', 'lp_3127', 'lp_0271', 'lp_0272', 'lp_0796', 'lp_2943', 'lp_2945', 'lp_3050', 'lp_0373']"
23793626,"['lp_0050', 'lp_0725', 'lp_0789', 'lp_1002', 'lp_1153', 'lp_1424', 'lp_1425', 'lp_1760', 'lp_2256', 'lp_2486', 'lp_2578', 'lp_2631', 'lp_2942', 'lp_2956', 'lp_2991', 'lp_3014', 'lp_3059', 'lp_3127', 'lp_0271', 'lp_0272', 'lp_0796', 'lp_2943', 'lp_2945', 'lp_0373']"
21984245,"['lp_0050', 'lp_0600', 'lp_0725', 'lp_0775', 'lp_0789', 'lp_1002', 'lp_1153', 'lp_2256', 'lp_2486', 'lp_2578', 'lp_2714', 'lp_2942', 'lp_2956', 'lp_2991', 'lp_3014', 'lp_3059', 'lp_3127', 'lp_0271', 'lp_0272', 'lp_0796', 'lp_2943', 'lp_2945', 'lp_3050', 'lp_0373']"
28115379,"['lp_0050', 'lp_0172', 'lp_0173', 'lp_0725', 'lp_0775', 'lp_0789', 'lp_1002', 'lp_1153', 'lp_1424', 'lp_1425', 'lp_2256', 'lp_2578', 'lp_2631', 'lp_2942', 'lp_2956', 'lp_2991', 'lp_3014', 'lp_0271', 'lp_0272', 'lp_0796', 'lp_2943', 'lp_2945', 'lp_0373']"
16109954,"['lp_0050', 'lp_0725', 'lp_0775', 'lp_0789', 'lp_1153', 'lp_2256', 'lp_2486', 'lp_2714', 'lp_2942', 'lp_2956', 'lp_2991', 'lp_3014', 'lp_3059', 'lp_3127', 'lp_0271', 'lp_0272', 'lp_0796', 'lp_2943', 'lp_2945', 'lp_3050', 'lp_0373']"
23645198,"['lp_0050', 'lp_0789', 'lp_1002', 'lp_1424', 'lp_1425', 'lp_1760', 'lp_2486', 'lp_2631', 'lp_2942', 'lp_2956', 'lp_2991', 'lp_3014', 'lp_3059', 'lp_3127', 'lp_0271', 'lp_0272', 'lp_0796', 'lp_2943', 'lp_2945', 'lp_3050', 'lp_0373']"
26453568,"['lp_0050', 'lp_0172', 'lp_0173', 'lp_0725', 'lp_0789', 'lp_1002', 'lp_1153', 'lp_1424', 'lp_1425', 'lp_2256', 'lp_2714', 'lp_2942', 'lp_2956', 'lp_2991', 'lp_3014', 'lp_0271', 'lp_0272', 'lp_0796', 'lp_2943', 'lp_2945', 'lp_0373']"
24856385,"['lp_0050', 'lp_0789', 'lp_1002', 'lp_1424', 'lp_1425', 'lp_1760', 'lp_2486', 'lp_2631', 'lp_2714', 'lp_2942', 'lp_2956', 'lp_3014', 'lp_3059', 'lp_3127', 'lp_0271', 'lp_0272', 'lp_0796', 'lp_2943', 'lp_2945']"
20498715,"['lp_0725', 'lp_0775', 'lp_0789', 'lp_1153', 'lp_2256', 'lp_2486', 'lp_2942', 'lp_2956', 'lp_2991', 'lp_3014', 'lp_3059', 'lp_3127', 'lp_0271', 'lp_0272', 'lp_0796', 'lp_2943', 'lp_2945', 'lp_3050', 'lp_0373']"
21080958,"['lp_0725', 'lp_0775', 'lp_0789', 'lp_1153', 'lp_2256', 'lp_2486', 'lp_2942', 'lp_2956', 'lp_2991', 'lp_3014', 'lp_3059', 'lp_3127', 'lp_0271', 'lp_0272', 'lp_0796', 'lp_2943', 'lp_2945', 'lp_3050', 'lp_0373']"
19827797,"['lp_0050', 'lp_0789', 'lp_1002', 'lp_1424', 'lp_1425', 'lp_1760', 'lp_2631', 'lp_2714', 'lp_2942', 'lp_2956', 'lp_3014', 'lp_0271', 'lp_0272', 'lp_0796', 'lp_2943', 'lp_2945', 'lp_3050', 'lp_0373']"
24856291,"['lp_0050', 'lp_0172', 'lp_0173', 'lp_1002', 'lp_1424', 'lp_1425', 'lp_1760', 'lp_2486', 'lp_2631', 'lp_2942', 'lp_2956', 'lp_3059', 'lp_3127', 'lp_0271', 'lp_0272', 'lp_0796', 'lp_2943', 'lp_2945']"
21723265,"['lp_0050', 'lp_0172', 'lp_0173', 'lp_0600', 'lp_0725', 'lp_0789', 'lp_1002', 'lp_1153', 'lp_2256', 'lp_2486', 'lp_2714', 'lp_3014', 'lp_3059', 'lp_3127', 'lp_0796', 'lp_2943', 'lp_3050', 'lp_0373']"
24989485,"['lp_0600', 'lp_0725', 'lp_0789', 'lp_1153', 'lp_2256', 'lp_2578', 'lp_2714', 'lp_2942', 'lp_2956', 'lp_2991', 'lp_3014', 'lp_0271', 'lp_0272', 'lp_0796', 'lp_2943', 'lp_2945', 'lp_3050', 'lp_0373']"
19346347,"['lp_0050', 'lp_0789', 'lp_1002', 'lp_1760', 'lp_2486', 'lp_2578', 'lp_2631', 'lp_2942', 'lp_2956', 'lp_3014', 'lp_3059', 'lp_3127', 'lp_0271', 'lp_0272', 'lp_0796', 'lp_2943', 'lp_2945']"
25746986,"['lp_0050', 'lp_0789', 'lp_1002', 'lp_1424', 'lp_1425', 'lp_1760', 'lp_2578', 'lp_2631', 'lp_2942', 'lp_2956', 'lp_3014', 'lp_0271', 'lp_0272', 'lp_0796', 'lp_2943', 'lp_2945', 'lp_0373']"
26546316,"['lp_0050', 'lp_0172', 'lp_0173', 'lp_0725', 'lp_0775', 'lp_1153', 'lp_2256', 'lp_2376', 'lp_2714', 'lp_2942', 'lp_2956', 'lp_2991', 'lp_0271', 'lp_0272', 'lp_0796', 'lp_2943', 'lp_2945']"
28891023,"['lp_0172', 'lp_0173', 'lp_0775', 'lp_0789', 'lp_1002', 'lp_2486', 'lp_2631', 'lp_2714', 'lp_2991', 'lp_3014', 'lp_3059', 'lp_3127', 'lp_0271', 'lp_0272', 'lp_0796', 'lp_2945', 'lp_0373']"
15547253,"['lp_0725', 'lp_0775', 'lp_0789', 'lp_1153', 'lp_2256', 'lp_2486', 'lp_2942', 'lp_2956', 'lp_2991', 'lp_3014', 'lp_3059', 'lp_3127', 'lp_0271', 'lp_0272', 'lp_2943', 'lp_2945', 'lp_0373']"
15375644,"['lp_0050', 'lp_0725', 'lp_1153', 'lp_1424', 'lp_1425', 'lp_2256', 'lp_2376', 'lp_2942', 'lp_2956', 'lp_2991', 'lp_0271', 'lp_0272', 'lp_2943', 'lp_2945', 'lp_3050', 'lp_0373']"
17071785,"['lp_0050', 'lp_0725', 'lp_0775', 'lp_0789', 'lp_1153', 'lp_2256', 'lp_2942', 'lp_2956', 'lp_2991', 'lp_3014', 'lp_0271', 'lp_0272', 'lp_2943', 'lp_2945', 'lp_3050', 'lp_0373']"
16109953,"['lp_0050', 'lp_0725', 'lp_0775', 'lp_0789', 'lp_1153', 'lp_2256', 'lp_2942', 'lp_2956', 'lp_2991', 'lp_3014', 'lp_0271', 'lp_0272', 'lp_0796', 'lp_2943', 'lp_2945', 'lp_0373']"
23776675,"['lp_0050', 'lp_0725', 'lp_0775', 'lp_0789', 'lp_1153', 'lp_2256', 'lp_2714', 'lp_2942', 'lp_2956', 'lp_2991', 'lp_3014', 'lp_0271', 'lp_0272', 'lp_2943', 'lp_2945', 'lp_0373']"
22203558,"['lp_0172', 'lp_0173', 'lp_1424', 'lp_1425', 'lp_2376', 'lp_2486', 'lp_2631', 'lp_2714', 'lp_2942', 'lp_2956', 'lp_3059', 'lp_3127', 'lp_0271', 'lp_0272', 'lp_2943', 'lp_2945']"
22326142,"['lp_0172', 'lp_0173', 'lp_0725', 'lp_0789', 'lp_1153', 'lp_2256', 'lp_2631', 'lp_2942', 'lp_2956', 'lp_2991', 'lp_3014', 'lp_0271', 'lp_0272', 'lp_2943', 'lp_2945', 'lp_0373']"
19074391,"['lp_0172', 'lp_0173', 'lp_0600', 'lp_0725', 'lp_0775', 'lp_0789', 'lp_1153', 'lp_2256', 'lp_2376', 'lp_2714', 'lp_2991', 'lp_3014', 'lp_0796', 'lp_2943', 'lp_3050', 'lp_0373']"
26678992,"['lp_0725', 'lp_0775', 'lp_0789', 'lp_1153', 'lp_2256', 'lp_2714', 'lp_2942', 'lp_2956', 'lp_2991', 'lp_3014', 'lp_0271', 'lp_0272', 'lp_0796', 'lp_2943', 'lp_2945', 'lp_0373']"
22704047,"['lp_0775', 'lp_0789', 'lp_1424', 'lp_1425', 'lp_2486', 'lp_2991', 'lp_3014', 'lp_3059', 'lp_3127', 'lp_0271', 'lp_0272', 'lp_0796', 'lp_2943', 'lp_2945', 'lp_3050', 'lp_0373']"
19111640,"['lp_0050', 'lp_0172', 'lp_0173', 'lp_0600', 'lp_1002', 'lp_2578', 'lp_2714', 'lp_2942', 'lp_2956', 'lp_0271', 'lp_0272', 'lp_0796', 'lp_2943', 'lp_2945', 'lp_0373']"
18510336,"['lp_0050', 'lp_0789', 'lp_1002', 'lp_1424', 'lp_1425', 'lp_1760', 'lp_2631', 'lp_2942', 'lp_2956', 'lp_3014', 'lp_0271', 'lp_0272', 'lp_0796', 'lp_2943', 'lp_2945']"
29776925,"['lp_0050', 'lp_0172', 'lp_0173', 'lp_1002', 'lp_1424', 'lp_1425', 'lp_1760', 'lp_2631', 'lp_2942', 'lp_2956', 'lp_0271', 'lp_0272', 'lp_0796', 'lp_2943', 'lp_2945']"
23109816,"['lp_0172', 'lp_0173', 'lp_0725', 'lp_0789', 'lp_1153', 'lp_2256', 'lp_2942', 'lp_2956', 'lp_3014', 'lp_0271', 'lp_0272', 'lp_0796', 'lp_2943', 'lp_2945', 'lp_0373']"
24231110,"['lp_0172', 'lp_0173', 'lp_0775', 'lp_0789', 'lp_1424', 'lp_1425', 'lp_2578', 'lp_2942', 'lp_2956', 'lp_3014', 'lp_0271', 'lp_0272', 'lp_0796', 'lp_2943', 'lp_2945']"
20447709,"['lp_0789', 'lp_1424', 'lp_1425', 'lp_2578', 'lp_2631', 'lp_2942', 'lp_2956', 'lp_2991', 'lp_3014', 'lp_0271', 'lp_0272', 'lp_0796', 'lp_2943', 'lp_2945', 'lp_0373']"
16553727,"['lp_0050', 'lp_0600', 'lp_0775', 'lp_2376', 'lp_2714', 'lp_2942', 'lp_2956', 'lp_2991', 'lp_0271', 'lp_0272', 'lp_0796', 'lp_2943', 'lp_2945', 'lp_0373']"
23054632,"['lp_0050', 'lp_1002', 'lp_1760', 'lp_2578', 'lp_2631', 'lp_2714', 'lp_2942', 'lp_2956', 'lp_0271', 'lp_0272', 'lp_0796', 'lp_2943', 'lp_2945', 'lp_0373']"
20002138,"['lp_0050', 'lp_0789', 'lp_1424', 'lp_1425', 'lp_2942', 'lp_2956', 'lp_2991', 'lp_3014', 'lp_0271', 'lp_0272', 'lp_0796', 'lp_2943', 'lp_2945', 'lp_0373']"
26438232,"['lp_0050', 'lp_0600', 'lp_0789', 'lp_1002', 'lp_1760', 'lp_2631', 'lp_2714', 'lp_2991', 'lp_3014', 'lp_0271', 'lp_0272', 'lp_0796', 'lp_2945', 'lp_0373']"
26459565,"['lp_0172', 'lp_0173', 'lp_1424', 'lp_1425', 'lp_2486', 'lp_2942', 'lp_2956', 'lp_3059', 'lp_3127', 'lp_0271', 'lp_0272', 'lp_2943', 'lp_2945', 'lp_0373']"
18757797,"['lp_0172', 'lp_0173', 'lp_0600', 'lp_1424', 'lp_1425', 'lp_2376', 'lp_2942', 'lp_2956', 'lp_2991', 'lp_0271', 'lp_0272', 'lp_2943', 'lp_2945', 'lp_0373']"
26955710,"['lp_0600', 'lp_0775', 'lp_0789', 'lp_2486', 'lp_2714', 'lp_2991', 'lp_3014', 'lp_3059', 'lp_3127', 'lp_0271', 'lp_0272', 'lp_2945', 'lp_3050', 'lp_0373']"
19620673,"['lp_1424', 'lp_1425', 'lp_2486', 'lp_2631', 'lp_2942', 'lp_2956', 'lp_3059', 'lp_3127', 'lp_0271', 'lp_0272', 'lp_2943', 'lp_2945', 'lp_3050', 'lp_0373']"
24610854,"['lp_0050', 'lp_1002', 'lp_1424', 'lp_1425', 'lp_2631', 'lp_2714', 'lp_2942', 'lp_2956', 'lp_0271', 'lp_0272', 'lp_0796', 'lp_2943', 'lp_2945']"
19744343,"['lp_0050', 'lp_0600', 'lp_0789', 'lp_2486', 'lp_2578', 'lp_2714', 'lp_2991', 'lp_3014', 'lp_3059', 'lp_3127', 'lp_2943', 'lp_3050', 'lp_0373']"
28040493,"['lp_0050', 'lp_0789', 'lp_1002', 'lp_1760', 'lp_2631', 'lp_2942', 'lp_2956', 'lp_3014', 'lp_0271', 'lp_0272', 'lp_0796', 'lp_2943', 'lp_2945']"
24532775,"['lp_0050', 'lp_0725', 'lp_0789', 'lp_1153', 'lp_2256', 'lp_2714', 'lp_2991', 'lp_3014', 'lp_0271', 'lp_0272', 'lp_0796', 'lp_2945', 'lp_0373']"
16723015,"['lp_0172', 'lp_0173', 'lp_2376', 'lp_2486', 'lp_2942', 'lp_2956', 'lp_3059', 'lp_3127', 'lp_0271', 'lp_0272', 'lp_2943', 'lp_2945', 'lp_0373']"
22802934,"['lp_0775', 'lp_2486', 'lp_2631', 'lp_2942', 'lp_2956', 'lp_2991', 'lp_3059', 'lp_3127', 'lp_0271', 'lp_0272', 'lp_0796', 'lp_2943', 'lp_2945']"
18416556,"['lp_0050', 'lp_1424', 'lp_1425', 'lp_2942', 'lp_2956', 'lp_0271', 'lp_0272', 'lp_0796', 'lp_2943', 'lp_2945', 'lp_3050', 'lp_0373']"
19419788,"['lp_0050', 'lp_0600', 'lp_1424', 'lp_1425', 'lp_2631', 'lp_2942', 'lp_2956', 'lp_0271', 'lp_0272', 'lp_2943', 'lp_2945', 'lp_0373']"
18681965,"['lp_0050', 'lp_0600', 'lp_0725', 'lp_0775', 'lp_0789', 'lp_1153', 'lp_2256', 'lp_2991', 'lp_3014', 'lp_2943', 'lp_3050', 'lp_0373']"
18539794,"['lp_0050', 'lp_0775', 'lp_0789', 'lp_2942', 'lp_2956', 'lp_2991', 'lp_3014', 'lp_0271', 'lp_0272', 'lp_2943', 'lp_2945', 'lp_0373']"
22634038,"['lp_0050', 'lp_0172', 'lp_0173', 'lp_0725', 'lp_1153', 'lp_2256', 'lp_2942', 'lp_2956', 'lp_0271', 'lp_0272', 'lp_2943', 'lp_2945']"
27119622,"['lp_0050', 'lp_0789', 'lp_2942', 'lp_2956', 'lp_2991', 'lp_3014', 'lp_0271', 'lp_0272', 'lp_2943', 'lp_2945', 'lp_3050', 'lp_0373']"
28830089,"['lp_0050', 'lp_0172', 'lp_0173', 'lp_0725', 'lp_1153', 'lp_2256', 'lp_2942', 'lp_2956', 'lp_0271', 'lp_0272', 'lp_2943', 'lp_2945']"
28261192,"['lp_0050', 'lp_0725', 'lp_0789', 'lp_1153', 'lp_2256', 'lp_2991', 'lp_3014', 'lp_0271', 'lp_0272', 'lp_2943', 'lp_2945', 'lp_0373']"
27815279,"['lp_0172', 'lp_0173', 'lp_1424', 'lp_1425', 'lp_2376', 'lp_2942', 'lp_2956', 'lp_2991', 'lp_0271', 'lp_0272', 'lp_2943', 'lp_2945']"
15900965,"['lp_0172', 'lp_0173', 'lp_0725', 'lp_1153', 'lp_2256', 'lp_2376', 'lp_2942', 'lp_2956', 'lp_0271', 'lp_0272', 'lp_2943', 'lp_2945']"
23170998,"['lp_0172', 'lp_0173', 'lp_2578', 'lp_2714', 'lp_2942', 'lp_2956', 'lp_2991', 'lp_0271', 'lp_0272', 'lp_2943', 'lp_2945', 'lp_0373']"
22037312,"['lp_0725', 'lp_0789', 'lp_1153', 'lp_2256', 'lp_2578', 'lp_3014', 'lp_0271', 'lp_0272', 'lp_0796', 'lp_2945', 'lp_3050', 'lp_0373']"
23734819,"['lp_0789', 'lp_2578', 'lp_2942', 'lp_2956', 'lp_3014', 'lp_0271', 'lp_0272', 'lp_0796', 'lp_2943', 'lp_2945', 'lp_3050', 'lp_0373']"
18512940,"['lp_0050', 'lp_0600', 'lp_0789', 'lp_2578', 'lp_3014', 'lp_0271', 'lp_0272', 'lp_0796', 'lp_2945', 'lp_3050', 'lp_0373']"
24861375,"['lp_0050', 'lp_0789', 'lp_1002', 'lp_1424', 'lp_1425', 'lp_2631', 'lp_3014', 'lp_0271', 'lp_0272', 'lp_0796', 'lp_2945']"
21349328,"['lp_0050', 'lp_0725', 'lp_0775', 'lp_0789', 'lp_1153', 'lp_2256', 'lp_2714', 'lp_2991', 'lp_3014', 'lp_2943', 'lp_0373']"
18048908,"['lp_0050', 'lp_0600', 'lp_0725', 'lp_0775', 'lp_1153', 'lp_2256', 'lp_2714', 'lp_2991', 'lp_2943', 'lp_3050', 'lp_0373']"
24950021,"['lp_0050', 'lp_0172', 'lp_0173', 'lp_2631', 'lp_2942', 'lp_2956', 'lp_0271', 'lp_0272', 'lp_0796', 'lp_2943', 'lp_2945']"
25349156,"['lp_0050', 'lp_0172', 'lp_0173', 'lp_2376', 'lp_2631', 'lp_2942', 'lp_2956', 'lp_0271', 'lp_0272', 'lp_2943', 'lp_2945']"
17657538,"['lp_0050', 'lp_1002', 'lp_2578', 'lp_2942', 'lp_2956', 'lp_0271', 'lp_0272', 'lp_0796', 'lp_2943', 'lp_2945', 'lp_0373']"
29037836,"['lp_0050', 'lp_1424', 'lp_1425', 'lp_2942', 'lp_2956', 'lp_2991', 'lp_0271', 'lp_0272', 'lp_0796', 'lp_2943', 'lp_2945']"
23971028,"['lp_0050', 'lp_0600', 'lp_0789', 'lp_2714', 'lp_2991', 'lp_3014', 'lp_0271', 'lp_0272', 'lp_2945', 'lp_3050', 'lp_0373']"
29757072,"['lp_0775', 'lp_2486', 'lp_2942', 'lp_2956', 'lp_2991', 'lp_3059', 'lp_3127', 'lp_0271', 'lp_0272', 'lp_2943', 'lp_2945']"
27716231,"['lp_0789', 'lp_2578', 'lp_2942', 'lp_2956', 'lp_3014', 'lp_0271', 'lp_0272', 'lp_0796', 'lp_2943', 'lp_2945', 'lp_0373']"
18653299,"['lp_0050', 'lp_1002', 'lp_2631', 'lp_2942', 'lp_2956', 'lp_0271', 'lp_0272', 'lp_0796', 'lp_2943', 'lp_2945']"
21504147,"['lp_0050', 'lp_0600', 'lp_0775', 'lp_0789', 'lp_2578', 'lp_2991', 'lp_3014', 'lp_0796', 'lp_3050', 'lp_0373']"
25173466,"['lp_0050', 'lp_1002', 'lp_1424', 'lp_1425', 'lp_1760', 'lp_2631', 'lp_0271', 'lp_0272', 'lp_0796', 'lp_2945']"
22156394,"['lp_0050', 'lp_0725', 'lp_0789', 'lp_1153', 'lp_2256', 'lp_2714', 'lp_2991', 'lp_3014', 'lp_2943', 'lp_0373']"
17261521,"['lp_0050', 'lp_2578', 'lp_2942', 'lp_2956', 'lp_2991', 'lp_0271', 'lp_0272', 'lp_2943', 'lp_2945', 'lp_0373']"
15066807,"['lp_0172', 'lp_0173', 'lp_1424', 'lp_1425', 'lp_2942', 'lp_2956', 'lp_0271', 'lp_0272', 'lp_2943', 'lp_2945']"
18194256,"['lp_0600', 'lp_0789', 'lp_2486', 'lp_3014', 'lp_3059', 'lp_3127', 'lp_0271', 'lp_0272', 'lp_2945', 'lp_0373']"
19566681,"['lp_0600', 'lp_0725', 'lp_0775', 'lp_0789', 'lp_1153', 'lp_2256', 'lp_2714', 'lp_3014', 'lp_3050', 'lp_0373']"
25175550,"['lp_0789', 'lp_2942', 'lp_2956', 'lp_3014', 'lp_0271', 'lp_0272', 'lp_2943', 'lp_2945', 'lp_3050', 'lp_0373']"
29573169,"['lp_0789', 'lp_2942', 'lp_2956', 'lp_2991', 'lp_3014', 'lp_0271', 'lp_0272', 'lp_2943', 'lp_2945', 'lp_0373']"
18044455,"['lp_1002', 'lp_1424', 'lp_1425', 'lp_2942', 'lp_2956', 'lp_0271', 'lp_0272', 'lp_0796', 'lp_2943', 'lp_2945']"
25359406,"['lp_1002', 'lp_1424', 'lp_1425', 'lp_2942', 'lp_2956', 'lp_0271', 'lp_0272', 'lp_0796', 'lp_2943', 'lp_2945']"
22621808,"['lp_1424', 'lp_1425', 'lp_2942', 'lp_2956', 'lp_0271', 'lp_0272', 'lp_2943', 'lp_2945', 'lp_3050', 'lp_0373']"
18946701,"['lp_2714', 'lp_2942', 'lp_2956', 'lp_0271', 'lp_0272', 'lp_0796', 'lp_2943', 'lp_2945', 'lp_3050', 'lp_0373']"
27176608,"['lp_0600', 'lp_0789', 'lp_2578', 'lp_3014', 'lp_0271', 'lp_0272', 'lp_2945', 'lp_3050', 'lp_0373']"
18563659,"['lp_0600', 'lp_2942', 'lp_2956', 'lp_0271', 'lp_0272', 'lp_2943', 'lp_2945', 'lp_3050', 'lp_0373']"
19229842,"['lp_0600', 'lp_2942', 'lp_2956', 'lp_0271', 'lp_0272', 'lp_0796', 'lp_2943', 'lp_2945', 'lp_0373']"
18054106,"['lp_1002', 'lp_2631', 'lp_2942', 'lp_2956', 'lp_0271', 'lp_0272', 'lp_0796', 'lp_2943', 'lp_2945']"
19302495,"['lp_1002', 'lp_2486', 'lp_2631', 'lp_2714', 'lp_3059', 'lp_3127', 'lp_0796', 'lp_3050', 'lp_0373']"
26187828,"['lp_1424', 'lp_1425', 'lp_2942', 'lp_2956', 'lp_0271', 'lp_0272', 'lp_0796', 'lp_2943', 'lp_2945']"
15817790,"['lp_2714', 'lp_2942', 'lp_2956', 'lp_2991', 'lp_0271', 'lp_0272', 'lp_2943', 'lp_2945', 'lp_0373']"
16549665,"['lp_0050', 'lp_0600', 'lp_0775', 'lp_0789', 'lp_2714', 'lp_3014', 'lp_3050', 'lp_0373']"
24238744,"['lp_0050', 'lp_2942', 'lp_2956', 'lp_2991', 'lp_0271', 'lp_0272', 'lp_2943', 'lp_2945']"
25415663,"['lp_0050', 'lp_1002', 'lp_1760', 'lp_2631', 'lp_0271', 'lp_0272', 'lp_0796', 'lp_2945']"
21796993,"['lp_0050', 'lp_0775', 'lp_0789', 'lp_2578', 'lp_2714', 'lp_3014', 'lp_3050', 'lp_0373']"
22585750,"['lp_0172', 'lp_0173', 'lp_0725', 'lp_1153', 'lp_2256', 'lp_2376', 'lp_2991', 'lp_0373']"
21375718,"['lp_0172', 'lp_0173', 'lp_0725', 'lp_1153', 'lp_2256', 'lp_2376', 'lp_2991', 'lp_2943']"
19386375,"['lp_0600', 'lp_0775', 'lp_2486', 'lp_2991', 'lp_3059', 'lp_3127', 'lp_3050', 'lp_0373']"
15364474,"['lp_1002', 'lp_2942', 'lp_2956', 'lp_0271', 'lp_0272', 'lp_0796', 'lp_2943', 'lp_2945']"
19601665,"['lp_1002', 'lp_2942', 'lp_2956', 'lp_0271', 'lp_0272', 'lp_0796', 'lp_2943', 'lp_2945']"
20438129,"['lp_1002', 'lp_2942', 'lp_2956', 'lp_0271', 'lp_0272', 'lp_0796', 'lp_2943', 'lp_2945']"
23836494,"['lp_1002', 'lp_2942', 'lp_2956', 'lp_0271', 'lp_0272', 'lp_0796', 'lp_2943', 'lp_2945']"
23648840,"['lp_1002', 'lp_2942', 'lp_2956', 'lp_0271', 'lp_0272', 'lp_0796', 'lp_2943', 'lp_2945']"
11097909,"['lp_1424', 'lp_1425', 'lp_2942', 'lp_2956', 'lp_0271', 'lp_0272', 'lp_2943', 'lp_2945']"
10919793,"['lp_1424', 'lp_1425', 'lp_2942', 'lp_2956', 'lp_0271', 'lp_0272', 'lp_2943', 'lp_2945']"
26279142,"['lp_1424', 'lp_1425', 'lp_2942', 'lp_2956', 'lp_0271', 'lp_0272', 'lp_2943', 'lp_2945']"
22802930,"['lp_2631', 'lp_2942', 'lp_2956', 'lp_2991', 'lp_0271', 'lp_0272', 'lp_2943', 'lp_2945']"
27375240,"['lp_2942', 'lp_2956', 'lp_0271', 'lp_0272', 'lp_0796', 'lp_2943', 'lp_2945', 'lp_0373']"
17890341,"['lp_2942', 'lp_2956', 'lp_0271', 'lp_0272', 'lp_0796', 'lp_2943', 'lp_2945', 'lp_3050']"
19217549,"['lp_0050', 'lp_0600', 'lp_1002', 'lp_2578', 'lp_2631', 'lp_0796', 'lp_0373']"
18193201,"['lp_0050', 'lp_0725', 'lp_0789', 'lp_1153', 'lp_2256', 'lp_2991', 'lp_3014']"
16338113,"['lp_0050', 'lp_0775', 'lp_0789', 'lp_3014', 'lp_0271', 'lp_0272', 'lp_2945']"
19672048,"['lp_0050', 'lp_0600', 'lp_0789', 'lp_2714', 'lp_3014', 'lp_3050', 'lp_0373']"
24332262,"['lp_0050', 'lp_0775', 'lp_1002', 'lp_0271', 'lp_0272', 'lp_2943', 'lp_2945']"
24375235,"['lp_0050', 'lp_0775', 'lp_1002', 'lp_2714', 'lp_2991', 'lp_0796', 'lp_2943']"
21638779,"['lp_0050', 'lp_2942', 'lp_2956', 'lp_0271', 'lp_0272', 'lp_2943', 'lp_2945']"
19604592,"['lp_0600', 'lp_0725', 'lp_1153', 'lp_2256', 'lp_2991', 'lp_2943', 'lp_0373']"
18620772,"['lp_0600', 'lp_0789', 'lp_2486', 'lp_3014', 'lp_3059', 'lp_3127', 'lp_0373']"
21167023,"['lp_0725', 'lp_0789', 'lp_1153', 'lp_2256', 'lp_2991', 'lp_3014', 'lp_2943']"
27231133,"['lp_0775', 'lp_0789', 'lp_2991', 'lp_3014', 'lp_2943', 'lp_3050', 'lp_0373']"
16339934,"['lp_0775', 'lp_2942', 'lp_2956', 'lp_0271', 'lp_0272', 'lp_2943', 'lp_2945']"
23546829,"['lp_1002', 'lp_2942', 'lp_2956', 'lp_0271', 'lp_0272', 'lp_2943', 'lp_2945']"
24577784,"['lp_1002', 'lp_2942', 'lp_2956', 'lp_0271', 'lp_0272', 'lp_2943', 'lp_2945']"
29091336,"['lp_2631', 'lp_2942', 'lp_2956', 'lp_0271', 'lp_0272', 'lp_2943', 'lp_2945']"
24708557,"['lp_2942', 'lp_2956', 'lp_0271', 'lp_0272', 'lp_0796', 'lp_2943', 'lp_2945']"
24861311,"['lp_2942', 'lp_2956', 'lp_0271', 'lp_0272', 'lp_0796', 'lp_2943', 'lp_2945']"
28533181,"['lp_2942', 'lp_2956', 'lp_2991', 'lp_0271', 'lp_0272', 'lp_2943', 'lp_2945']"
29750492,"['lp_2942', 'lp_2956', 'lp_2991', 'lp_0271', 'lp_0272', 'lp_2943', 'lp_2945']"
15752331,"['lp_0050', 'lp_0172', 'lp_0173', 'lp_1002', 'lp_2631', 'lp_0796']"
19446023,"['lp_0050', 'lp_0600', 'lp_2631', 'lp_2714', 'lp_2943', 'lp_0373']"
19423635,"['lp_0050', 'lp_0600', 'lp_1002', 'lp_2578', 'lp_0796', 'lp_0373']"
20033357,"['lp_0050', 'lp_1002', 'lp_1760', 'lp_2578', 'lp_2631', 'lp_0796']"
21840797,"['lp_0050', 'lp_2486', 'lp_2991', 'lp_3059', 'lp_3127', 'lp_0373']"
20505752,"['lp_0050', 'lp_0775', 'lp_2714', 'lp_2991', 'lp_2943', 'lp_0373']"
28833935,"['lp_0050', 'lp_2631', 'lp_0271', 'lp_0272', 'lp_0796', 'lp_2945']"
27295039,"['lp_0050', 'lp_0789', 'lp_1002', 'lp_2631', 'lp_3014', 'lp_0796']"
21104198,"['lp_0050', 'lp_0600', 'lp_2486', 'lp_3059', 'lp_3127', 'lp_0373']"
21375715,"['lp_0050', 'lp_0725', 'lp_1153', 'lp_2256', 'lp_2991', 'lp_2943']"
13948358,"['lp_0050', 'lp_0725', 'lp_0789', 'lp_1153', 'lp_2256', 'lp_3014']"
11073918,"['lp_0172', 'lp_0173', 'lp_2376', 'lp_0271', 'lp_0272', 'lp_2945']"
18298538,"['lp_0600', 'lp_0789', 'lp_2714', 'lp_3014', 'lp_3050', 'lp_0373']"
15823960,"['lp_0600', 'lp_0789', 'lp_2578', 'lp_2714', 'lp_3014', 'lp_0373']"
17311639,"['lp_0600', 'lp_0789', 'lp_2578', 'lp_3014', 'lp_3050', 'lp_0373']"
25410118,"['lp_0600', 'lp_0789', 'lp_2714', 'lp_3014', 'lp_0796', 'lp_0373']"
19465075,"['lp_0600', 'lp_0725', 'lp_1153', 'lp_2256', 'lp_2991', 'lp_0373']"
28729269,"['lp_0725', 'lp_0789', 'lp_1153', 'lp_2256', 'lp_2991', 'lp_3014']"
19638173,"['lp_0775', 'lp_1424', 'lp_1425', 'lp_2991', 'lp_2943', 'lp_0373']"
23175652,"['lp_0775', 'lp_0789', 'lp_2991', 'lp_3014', 'lp_2943', 'lp_0373']"
19942662,"['lp_0775', 'lp_0789', 'lp_2991', 'lp_3014', 'lp_2943', 'lp_0373']"
25647716,"['lp_0775', 'lp_0789', 'lp_2486', 'lp_3014', 'lp_3059', 'lp_3127']"
22492454,"['lp_0775', 'lp_0789', 'lp_2991', 'lp_3014', 'lp_2943', 'lp_0373']"
27422487,"['lp_2486', 'lp_2991', 'lp_3059', 'lp_3127', 'lp_2943', 'lp_0373']"
25721875,"['lp_2486', 'lp_2991', 'lp_3059', 'lp_3127', 'lp_0796', 'lp_0373']"
26715179,"['lp_2942', 'lp_2956', 'lp_0271', 'lp_0272', 'lp_2943', 'lp_2945']"
23545659,"['lp_2942', 'lp_2956', 'lp_0271', 'lp_0272', 'lp_2943', 'lp_2945']"
19542339,"['lp_2942', 'lp_2956', 'lp_0271', 'lp_0272', 'lp_2943', 'lp_2945']"
25920332,"['lp_2942', 'lp_2956', 'lp_0271', 'lp_0272', 'lp_2943', 'lp_2945']"
28865074,"['lp_2942', 'lp_2956', 'lp_0271', 'lp_0272', 'lp_2943', 'lp_2945']"
17957109,"['lp_2942', 'lp_2956', 'lp_0271', 'lp_0272', 'lp_2943', 'lp_2945']"
19387973,"['lp_2942', 'lp_2956', 'lp_0271', 'lp_0272', 'lp_2943', 'lp_2945']"
17416066,"['lp_2942', 'lp_2956', 'lp_0271', 'lp_0272', 'lp_2943', 'lp_2945']"
24936346,"['lp_2942', 'lp_2956', 'lp_0271', 'lp_0272', 'lp_2943', 'lp_2945']"
19649735,"['lp_2942', 'lp_2956', 'lp_0271', 'lp_0272', 'lp_2943', 'lp_2945']"
24613317,"['lp_2942', 'lp_2956', 'lp_0271', 'lp_0272', 'lp_2943', 'lp_2945']"
10877812,"['lp_2942', 'lp_2956', 'lp_0271', 'lp_0272', 'lp_2943', 'lp_2945']"
16463321,"['lp_2942', 'lp_2956', 'lp_0271', 'lp_0272', 'lp_2943', 'lp_2945']"
16574410,"['lp_2942', 'lp_2956', 'lp_0271', 'lp_0272', 'lp_2943', 'lp_2945']"
25217009,"['lp_2942', 'lp_2956', 'lp_0271', 'lp_0272', 'lp_2943', 'lp_2945']"
15053327,"['lp_2942', 'lp_2956', 'lp_0271', 'lp_0272', 'lp_2943', 'lp_2945']"
21279470,"['lp_2942', 'lp_2956', 'lp_0271', 'lp_0272', 'lp_2943', 'lp_2945']"
14768027,"['lp_2942', 'lp_2956', 'lp_0271', 'lp_0272', 'lp_2943', 'lp_2945']"
23035941,"['lp_2942', 'lp_2956', 'lp_0271', 'lp_0272', 'lp_2943', 'lp_2945']"
27273017,"['lp_2942', 'lp_2956', 'lp_0271', 'lp_0272', 'lp_2943', 'lp_2945']"
29662105,"['lp_2942', 'lp_2956', 'lp_0271', 'lp_0272', 'lp_2943', 'lp_2945']"
19615448,"['lp_0050', 'lp_1002', 'lp_1760', 'lp_2631', 'lp_0796']"
28187329,"['lp_0050', 'lp_1002', 'lp_2578', 'lp_2631', 'lp_0796']"
19346351,"['lp_0050', 'lp_0789', 'lp_2991', 'lp_3014', 'lp_2943']"
26295945,"['lp_0050', 'lp_2486', 'lp_3059', 'lp_3127', 'lp_0373']"
22016573,"['lp_0050', 'lp_0775', 'lp_0789', 'lp_2714', 'lp_3014']"
23414698,"['lp_0050', 'lp_0775', 'lp_2991', 'lp_2943', 'lp_0373']"
24663330,"['lp_0050', 'lp_1002', 'lp_1760', 'lp_2631', 'lp_0796']"
28935539,"['lp_0050', 'lp_1002', 'lp_0271', 'lp_0272', 'lp_2945']"
26966093,"['lp_0172', 'lp_0173', 'lp_2578', 'lp_3050', 'lp_0373']"
23220639,"['lp_0172', 'lp_0173', 'lp_0271', 'lp_0272', 'lp_2945']"
24614815,"['lp_0600', 'lp_0789', 'lp_3014', 'lp_3050', 'lp_0373']"
17241350,"['lp_0600', 'lp_2486', 'lp_3059', 'lp_3127', 'lp_0373']"
18081777,"['lp_0600', 'lp_0775', 'lp_2991', 'lp_2943', 'lp_0373']"
23413922,"['lp_0600', 'lp_0775', 'lp_0789', 'lp_3014', 'lp_0373']"
19309013,"['lp_0600', 'lp_2486', 'lp_3059', 'lp_3127', 'lp_0373']"
18937991,"['lp_0600', 'lp_1424', 'lp_1425', 'lp_2631', 'lp_0373']"
17209819,"['lp_0600', 'lp_2486', 'lp_3059', 'lp_3127', 'lp_0373']"
14320486,"['lp_0600', 'lp_0271', 'lp_0272', 'lp_2945', 'lp_0373']"
20460720,"['lp_0725', 'lp_1153', 'lp_2256', 'lp_2714', 'lp_2991']"
17725816,"['lp_0725', 'lp_1153', 'lp_2256', 'lp_2991', 'lp_0373']"
24066356,"['lp_0775', 'lp_2714', 'lp_2991', 'lp_2943', 'lp_0373']"
21447177,"['lp_0775', 'lp_1424', 'lp_1425', 'lp_2991', 'lp_0373']"
23065750,"['lp_0775', 'lp_1424', 'lp_1425', 'lp_2991', 'lp_2943']"
26445850,"['lp_0789', 'lp_2486', 'lp_3014', 'lp_3059', 'lp_3127']"
21707995,"['lp_0789', 'lp_2486', 'lp_3014', 'lp_3059', 'lp_3127']"
26141059,"['lp_0789', 'lp_2578', 'lp_2991', 'lp_3014', 'lp_0373']"
12732536,"['lp_1424', 'lp_1425', 'lp_2486', 'lp_3059', 'lp_3127']"
28433287,"['lp_1424', 'lp_1425', 'lp_0271', 'lp_0272', 'lp_2945']"
15528649,"['lp_1424', 'lp_1425', 'lp_2714', 'lp_2943', 'lp_0373']"
20112419,"['lp_1424', 'lp_1425', 'lp_0271', 'lp_0272', 'lp_2945']"
27601132,"['lp_1424', 'lp_1425', 'lp_2486', 'lp_3059', 'lp_3127']"
16948813,"['lp_2486', 'lp_3059', 'lp_3127', 'lp_3050', 'lp_0373']"
19220903,"['lp_2486', 'lp_2991', 'lp_3059', 'lp_3127', 'lp_0373']"
18673389,"['lp_2486', 'lp_2991', 'lp_3059', 'lp_3127', 'lp_0373']"
17265871,"['lp_2486', 'lp_2991', 'lp_3059', 'lp_3127', 'lp_0373']"
23183932,"['lp_2991', 'lp_0271', 'lp_0272', 'lp_2945', 'lp_0373']"
25757029,"['lp_0271', 'lp_0272', 'lp_0796', 'lp_2945', 'lp_0373']"
25186982,"['lp_0271', 'lp_0272', 'lp_2945', 'lp_3050', 'lp_0373']"
28780598,"['lp_0271', 'lp_0272', 'lp_2945', 'lp_3050', 'lp_0373']"
18819721,"['lp_0050', 'lp_0600', 'lp_1002', 'lp_0373']"
17559397,"['lp_0050', 'lp_0600', 'lp_2631', 'lp_0373']"
26590586,"['lp_0050', 'lp_1002', 'lp_2631', 'lp_0796']"
25463046,"['lp_0050', 'lp_1002', 'lp_2631', 'lp_0796']"
20618863,"['lp_0050', 'lp_2991', 'lp_3050', 'lp_0373']"
24127688,"['lp_0050', 'lp_0789', 'lp_1002', 'lp_3014']"
20363783,"['lp_0050', 'lp_2991', 'lp_2943', 'lp_0373']"
22493200,"['lp_0050', 'lp_2714', 'lp_2991', 'lp_2943']"
25476761,"['lp_0050', 'lp_1002', 'lp_1760', 'lp_2631']"
26138967,"['lp_0050', 'lp_1002', 'lp_2631', 'lp_0796']"
21995294,"['lp_0050', 'lp_2714', 'lp_2991', 'lp_2943']"
27114550,"['lp_0050', 'lp_0271', 'lp_0272', 'lp_2945']"
17041052,"['lp_0172', 'lp_0173', 'lp_2376', 'lp_2943']"
24054819,"['lp_0172', 'lp_0173', 'lp_2991', 'lp_0373']"
17953553,"['lp_0600', 'lp_0775', 'lp_2991', 'lp_0373']"
19120072,"['lp_0600', 'lp_2991', 'lp_3050', 'lp_0373']"
17957107,"['lp_0600', 'lp_2376', 'lp_2714', 'lp_0373']"
14771938,"['lp_0600', 'lp_0789', 'lp_3014', 'lp_0373']"
21907133,"['lp_0600', 'lp_0789', 'lp_3014', 'lp_0373']"
22967304,"['lp_0725', 'lp_1153', 'lp_2256', 'lp_2991']"
15985548,"['lp_0725', 'lp_1153', 'lp_2256', 'lp_2991']"
20303195,"['lp_0725', 'lp_1153', 'lp_2256', 'lp_2991']"
26413069,"['lp_0775', 'lp_0789', 'lp_3014', 'lp_0373']"
23558197,"['lp_0775', 'lp_2486', 'lp_3059', 'lp_3127']"
20865006,"['lp_0775', 'lp_1424', 'lp_1425', 'lp_2991']"
7986030,"['lp_0789', 'lp_3014', 'lp_3050', 'lp_0373']"
24879963,"['lp_0789', 'lp_3014', 'lp_3050', 'lp_0373']"
17142375,"['lp_0789', 'lp_2991', 'lp_3014', 'lp_0373']"
18810532,"['lp_0789', 'lp_2991', 'lp_3014', 'lp_0373']"
24281660,"['lp_0789', 'lp_2991', 'lp_3014', 'lp_0796']"
19734337,"['lp_1002', 'lp_1760', 'lp_2631', 'lp_0796']"
19774350,"['lp_1002', 'lp_1760', 'lp_2631', 'lp_0796']"
24290645,"['lp_1424', 'lp_1425', 'lp_2631', 'lp_0796']"
26319882,"['lp_2376', 'lp_2714', 'lp_2991', 'lp_2943']"
8779562,"['lp_2486', 'lp_3059', 'lp_3127', 'lp_0373']"
23663754,"['lp_2486', 'lp_3059', 'lp_3127', 'lp_0373']"
23890721,"['lp_2486', 'lp_3059', 'lp_3127', 'lp_0373']"
27729171,"['lp_2486', 'lp_3059', 'lp_3127', 'lp_0373']"
23395591,"['lp_2486', 'lp_3059', 'lp_3127', 'lp_0373']"
18619532,"['lp_2486', 'lp_3059', 'lp_3127', 'lp_0373']"
29397163,"['lp_2486', 'lp_2991', 'lp_3059', 'lp_3127']"
25861755,"['lp_2486', 'lp_2991', 'lp_3059', 'lp_3127']"
26781681,"['lp_2486', 'lp_3059', 'lp_3127', 'lp_0373']"
25981489,"['lp_2486', 'lp_2578', 'lp_3059', 'lp_3127']"
27691905,"['lp_2486', 'lp_2991', 'lp_3059', 'lp_3127']"
25880197,"['lp_2578', 'lp_0796', 'lp_3050', 'lp_0373']"
23066986,"['lp_2578', 'lp_2991', 'lp_2943', 'lp_0373']"
26212213,"['lp_2714', 'lp_2991', 'lp_0796', 'lp_2943']"
9143125,"['lp_0271', 'lp_0272', 'lp_2945', 'lp_0373']"
17401200,"['lp_0271', 'lp_0272', 'lp_2945', 'lp_0373']"
29274418,"['lp_0271', 'lp_0272', 'lp_0796', 'lp_2945']"
17850309,"['lp_0050', 'lp_0600', 'lp_0373']"
15748987,"['lp_0050', 'lp_1002', 'lp_2714']"
19372160,"['lp_0050', 'lp_0600', 'lp_0373']"
21317263,"['lp_0050', 'lp_1002', 'lp_0796']"
21848906,"['lp_0050', 'lp_3050', 'lp_0373']"
21795030,"['lp_0050', 'lp_2991', 'lp_2943']"
19465650,"['lp_0050', 'lp_2714', 'lp_2991']"
16166538,"['lp_0050', 'lp_1424', 'lp_1425']"
22081384,"['lp_0050', 'lp_2714', 'lp_2991']"
16269766,"['lp_0050', 'lp_2714', 'lp_2991']"
12566566,"['lp_0050', 'lp_2943', 'lp_0373']"
26855315,"['lp_0050', 'lp_1760', 'lp_2631']"
26392225,"['lp_0050', 'lp_1760', 'lp_2631']"
26462450,"['lp_0050', 'lp_1002', 'lp_2631']"
15743958,"['lp_0172', 'lp_0173', 'lp_2376']"
17012588,"['lp_0172', 'lp_0173', 'lp_2714']"
19519894,"['lp_0172', 'lp_0173', 'lp_2376']"
16788187,"['lp_0172', 'lp_0173', 'lp_2376']"
15342575,"['lp_0172', 'lp_0173', 'lp_2376']"
19933364,"['lp_0172', 'lp_0173', 'lp_2376']"
17056693,"['lp_0172', 'lp_0173', 'lp_2376']"
23122499,"['lp_0172', 'lp_0173', 'lp_2991']"
16943039,"['lp_0600', 'lp_3050', 'lp_0373']"
16000734,"['lp_0600', 'lp_3050', 'lp_0373']"
10077822,"['lp_0600', 'lp_3050', 'lp_0373']"
14659551,"['lp_0600', 'lp_3050', 'lp_0373']"
12859652,"['lp_0600', 'lp_3050', 'lp_0373']"
18512055,"['lp_0600', 'lp_2991', 'lp_0373']"
9851032,"['lp_0600', 'lp_3050', 'lp_0373']"
17309616,"['lp_0600', 'lp_2714', 'lp_0373']"
8017927,"['lp_0600', 'lp_2578', 'lp_0373']"
9274026,"['lp_0600', 'lp_3050', 'lp_0373']"
15012821,"['lp_0600', 'lp_3050', 'lp_0373']"
19527296,"['lp_0600', 'lp_2714', 'lp_0373']"
17960374,"['lp_0600', 'lp_3050', 'lp_0373']"
19651154,"['lp_0600', 'lp_3050', 'lp_0373']"
17953571,"['lp_0600', 'lp_3050', 'lp_0373']"
17074889,"['lp_0600', 'lp_2714', 'lp_0373']"
18496687,"['lp_0600', 'lp_0796', 'lp_0373']"
21696579,"['lp_0600', 'lp_3050', 'lp_0373']"
19219901,"['lp_0600', 'lp_0796', 'lp_0373']"
27533919,"['lp_0600', 'lp_2714', 'lp_0373']"
23454138,"['lp_0725', 'lp_1153', 'lp_2256']"
22918894,"['lp_0725', 'lp_1153', 'lp_2256']"
28175288,"['lp_0725', 'lp_1153', 'lp_2256']"
19270383,"['lp_0725', 'lp_1153', 'lp_2256']"
24713320,"['lp_0725', 'lp_1153', 'lp_2256']"
23935043,"['lp_0725', 'lp_1153', 'lp_2256']"
18281399,"['lp_0725', 'lp_1153', 'lp_2256']"
20185825,"['lp_0725', 'lp_1153', 'lp_2256']"
24045948,"['lp_0725', 'lp_1153', 'lp_2256']"
16595020,"['lp_0725', 'lp_1153', 'lp_2256']"
7961496,"['lp_0725', 'lp_1153', 'lp_2256']"
4673708,"['lp_0725', 'lp_1153', 'lp_2256']"
23785522,"['lp_0725', 'lp_1153', 'lp_2256']"
26283333,"['lp_0725', 'lp_1153', 'lp_2256']"
3979395,"['lp_0725', 'lp_1153', 'lp_2256']"
21738682,"['lp_0725', 'lp_1153', 'lp_2256']"
21606222,"['lp_0725', 'lp_1153', 'lp_2256']"
19074383,"['lp_0725', 'lp_1153', 'lp_2256']"
24365646,"['lp_0725', 'lp_1153', 'lp_2256']"
18291312,"['lp_0725', 'lp_1153', 'lp_2256']"
21035733,"['lp_0725', 'lp_1153', 'lp_2256']"
22908219,"['lp_0725', 'lp_1153', 'lp_2256']"
23002226,"['lp_0725', 'lp_1153', 'lp_2256']"
20105277,"['lp_0725', 'lp_1153', 'lp_2256']"
1649892,"['lp_0725', 'lp_1153', 'lp_2256']"
22551470,"['lp_0725', 'lp_1153', 'lp_2256']"
22640011,"['lp_0725', 'lp_1153', 'lp_2256']"
22686016,"['lp_0725', 'lp_1153', 'lp_2256']"
18215769,"['lp_0725', 'lp_1153', 'lp_2256']"
23936347,"['lp_0725', 'lp_1153', 'lp_2256']"
21051486,"['lp_0725', 'lp_1153', 'lp_2256']"
10784037,"['lp_0725', 'lp_1153', 'lp_2256']"
7141685,"['lp_0725', 'lp_1153', 'lp_2256']"
26861022,"['lp_0725', 'lp_1153', 'lp_2256']"
457268,"['lp_0725', 'lp_1153', 'lp_2256']"
21218855,"['lp_0725', 'lp_1153', 'lp_2256']"
1309530,"['lp_0725', 'lp_1153', 'lp_2256']"
22024569,"['lp_0725', 'lp_1153', 'lp_2256']"
26059754,"['lp_0725', 'lp_1153', 'lp_2256']"
3918862,"['lp_0725', 'lp_1153', 'lp_2256']"
20034620,"['lp_0725', 'lp_1153', 'lp_2256']"
20949105,"['lp_0725', 'lp_1153', 'lp_2256']"
7797557,"['lp_0725', 'lp_1153', 'lp_2256']"
25315493,"['lp_0725', 'lp_1153', 'lp_2256']"
16672624,"['lp_0725', 'lp_1153', 'lp_2256']"
22830192,"['lp_0725', 'lp_1153', 'lp_2256']"
27815077,"['lp_0725', 'lp_1153', 'lp_2256']"
26993744,"['lp_0725', 'lp_1153', 'lp_2256']"
29806458,"['lp_0725', 'lp_1153', 'lp_2256']"
28702379,"['lp_0725', 'lp_1153', 'lp_2256']"
27818967,"['lp_0725', 'lp_1153', 'lp_2256']"
29367898,"['lp_0725', 'lp_1153', 'lp_2256']"
15317777,"['lp_0775', 'lp_2943', 'lp_0373']"
14711657,"['lp_0775', 'lp_0789', 'lp_3014']"
22970257,"['lp_0775', 'lp_2991', 'lp_0373']"
21705551,"['lp_0775', 'lp_2991', 'lp_2943']"
18952885,"['lp_0775', 'lp_0789', 'lp_3014']"
17714399,"['lp_0775', 'lp_3050', 'lp_0373']"
22573266,"['lp_0775', 'lp_2991', 'lp_0373']"
25790993,"['lp_0775', 'lp_1760', 'lp_2631']"
23224439,"['lp_0775', 'lp_2991', 'lp_2943']"
17062565,"['lp_0775', 'lp_2714', 'lp_2943']"
19966486,"['lp_0775', 'lp_3050', 'lp_0373']"
26687333,"['lp_0789', 'lp_3014', 'lp_0373']"
9074504,"['lp_0789', 'lp_3014', 'lp_3050']"
23782242,"['lp_0789', 'lp_3014', 'lp_0796']"
23134121,"['lp_1002', 'lp_2631', 'lp_0796']"
24068507,"['lp_1002', 'lp_1424', 'lp_1425']"
22102251,"['lp_1002', 'lp_2631', 'lp_0796']"
27999938,"['lp_1002', 'lp_2631', 'lp_0796']"
21575111,"['lp_1002', 'lp_1424', 'lp_1425']"
21329996,"['lp_1002', 'lp_1424', 'lp_1425']"
25561329,"['lp_1424', 'lp_1425', 'lp_2943']"
23642310,"['lp_1424', 'lp_1425', 'lp_0796']"
22805810,"['lp_1424', 'lp_1425', 'lp_2578']"
16176138,"['lp_1424', 'lp_1425', 'lp_2631']"
12495024,"['lp_1760', 'lp_2631', 'lp_0796']"
20652764,"['lp_1760', 'lp_2631', 'lp_0796']"
22486752,"['lp_1760', 'lp_2631', 'lp_0796']"
20815235,"['lp_1760', 'lp_2631', 'lp_0796']"
27342422,"['lp_2376', 'lp_2631', 'lp_2943']"
21086172,"['lp_2486', 'lp_3059', 'lp_3127']"
22199106,"['lp_2486', 'lp_3059', 'lp_3127']"
23613101,"['lp_2486', 'lp_3059', 'lp_3127']"
24858321,"['lp_2486', 'lp_3059', 'lp_3127']"
26370773,"['lp_2486', 'lp_3059', 'lp_3127']"
23764216,"['lp_2486', 'lp_3059', 'lp_3127']"
15987403,"['lp_2486', 'lp_3059', 'lp_3127']"
12192111,"['lp_2486', 'lp_3059', 'lp_3127']"
17388062,"['lp_2486', 'lp_3059', 'lp_3127']"
27818658,"['lp_2486', 'lp_3059', 'lp_3127']"
22434095,"['lp_2486', 'lp_3059', 'lp_3127']"
17184326,"['lp_2486', 'lp_3059', 'lp_3127']"
24168928,"['lp_2486', 'lp_3059', 'lp_3127']"
25666113,"['lp_2486', 'lp_3059', 'lp_3127']"
28901907,"['lp_2486', 'lp_3059', 'lp_3127']"
25441623,"['lp_2486', 'lp_3059', 'lp_3127']"
25710153,"['lp_2486', 'lp_3059', 'lp_3127']"
17234293,"['lp_2486', 'lp_3059', 'lp_3127']"
27198983,"['lp_2486', 'lp_3059', 'lp_3127']"
11244259,"['lp_2486', 'lp_3059', 'lp_3127']"
11976105,"['lp_2486', 'lp_3059', 'lp_3127']"
17544232,"['lp_2486', 'lp_3059', 'lp_3127']"
27350617,"['lp_2486', 'lp_3059', 'lp_3127']"
27095173,"['lp_2486', 'lp_3059', 'lp_3127']"
20847011,"['lp_2486', 'lp_3059', 'lp_3127']"
22461079,"['lp_2486', 'lp_3059', 'lp_3127']"
26511725,"['lp_2486', 'lp_3059', 'lp_3127']"
25481370,"['lp_2486', 'lp_3059', 'lp_3127']"
28093322,"['lp_2486', 'lp_3059', 'lp_3127']"
25912863,"['lp_2486', 'lp_3059', 'lp_3127']"
25212764,"['lp_2486', 'lp_3059', 'lp_3127']"
18379843,"['lp_2486', 'lp_3059', 'lp_3127']"
28163824,"['lp_2486', 'lp_3059', 'lp_3127']"
25661844,"['lp_2486', 'lp_3059', 'lp_3127']"
25351253,"['lp_2486', 'lp_3059', 'lp_3127']"
23221537,"['lp_2486', 'lp_3059', 'lp_3127']"
28712957,"['lp_2578', 'lp_0796', 'lp_0373']"
22283494,"['lp_2578', 'lp_0796', 'lp_0373']"
29477805,"['lp_2578', 'lp_2991', 'lp_0373']"
26439428,"['lp_2714', 'lp_2991', 'lp_0373']"
23527145,"['lp_2991', 'lp_2943', 'lp_0373']"
15474471,"['lp_0271', 'lp_0272', 'lp_2945']"
7601825,"['lp_0271', 'lp_0272', 'lp_2945']"
27068590,"['lp_0271', 'lp_0272', 'lp_2945']"
9546183,"['lp_0271', 'lp_0272', 'lp_2945']"
25647642,"['lp_0271', 'lp_0272', 'lp_2945']"
16758158,"['lp_0271', 'lp_0272', 'lp_2945']"
25862228,"['lp_0271', 'lp_0272', 'lp_2945']"
12844210,"['lp_0271', 'lp_0272', 'lp_2945']"
18388975,"['lp_0271', 'lp_0272', 'lp_2945']"
1639814,"['lp_0271', 'lp_0272', 'lp_2945']"
24750362,"['lp_0271', 'lp_0272', 'lp_2945']"
21501384,"['lp_0271', 'lp_0272', 'lp_2945']"
11229892,"['lp_0271', 'lp_0272', 'lp_2945']"
17420004,"['lp_0271', 'lp_0272', 'lp_2945']"
24334092,"['lp_0271', 'lp_0272', 'lp_2945']"
20333439,"['lp_0271', 'lp_0272', 'lp_2945']"
15118811,"['lp_0271', 'lp_0272', 'lp_2945']"
7649179,"['lp_0271', 'lp_0272', 'lp_2945']"
8383109,"['lp_0271', 'lp_0272', 'lp_2945']"
15345383,"['lp_0271', 'lp_0272', 'lp_2945']"
16030014,"['lp_0271', 'lp_0272', 'lp_2945']"
2254264,"['lp_0271', 'lp_0272', 'lp_2945']"
12743737,"['lp_0271', 'lp_0272', 'lp_2945']"
28800848,"['lp_0271', 'lp_0272', 'lp_2945']"
29859669,"['lp_0271', 'lp_0272', 'lp_2945']"
2244788,"['lp_0271', 'lp_0272', 'lp_2945']"
28966611,"['lp_0271', 'lp_0272', 'lp_2945']"
27815071,"['lp_0271', 'lp_0272', 'lp_2945']"
26083754,"['lp_0271', 'lp_0272', 'lp_2945']"
29199988,"['lp_0271', 'lp_0272', 'lp_2945']"
5309907,"['lp_0271', 'lp_0272', 'lp_2945']"
28719183,"['lp_0271', 'lp_0272', 'lp_2945']"
29482557,"['lp_0271', 'lp_0272', 'lp_2945']"
11430429,"['lp_0271', 'lp_0272', 'lp_2945']"
29392561,"['lp_0271', 'lp_0272', 'lp_2945']"
29602385,"['lp_0271', 'lp_0272', 'lp_2945']"
27506494,"['lp_0271', 'lp_0272', 'lp_2945']"
27784942,"['lp_0271', 'lp_0272', 'lp_2945']"
27610105,"['lp_0271', 'lp_0272', 'lp_2945']"
29123334,"['lp_0271', 'lp_0272', 'lp_2945']"
25423449,"['lp_0796', 'lp_2943', 'lp_0373']"
23811500,"['lp_2943', 'lp_3050', 'lp_0373']"
17177514,"['lp_0050', 'lp_2714']"
22963406,"['lp_0050', 'lp_1002']"
28621109,"['lp_0050', 'lp_2991']"
19286810,"['lp_0050', 'lp_2714']"
20944212,"['lp_0050', 'lp_2714']"
11425700,"['lp_0172', 'lp_0173']"
9286992,"['lp_0172', 'lp_0173']"
10618236,"['lp_0172', 'lp_0173']"
15292123,"['lp_0172', 'lp_0173']"
10094627,"['lp_0172', 'lp_0173']"
17322317,"['lp_0172', 'lp_0173']"
11133951,"['lp_0172', 'lp_0173']"
9352913,"['lp_0172', 'lp_0173']"
8878037,"['lp_0172', 'lp_0173']"
11929549,"['lp_0172', 'lp_0173']"
17129387,"['lp_0172', 'lp_0173']"
18416820,"['lp_0172', 'lp_0173']"
15345406,"['lp_0172', 'lp_0173']"
16452408,"['lp_0172', 'lp_0173']"
11934508,"['lp_0172', 'lp_0173']"
17496092,"['lp_0172', 'lp_0173']"
9457849,"['lp_0172', 'lp_0173']"
15175288,"['lp_0172', 'lp_0173']"
21645132,"['lp_0172', 'lp_0173']"
7592486,"['lp_0172', 'lp_0173']"
9044287,"['lp_0172', 'lp_0173']"
21989394,"['lp_0172', 'lp_0173']"
17183215,"['lp_0172', 'lp_0173']"
15277745,"['lp_0172', 'lp_0173']"
15916606,"['lp_0172', 'lp_0173']"
17183218,"['lp_0172', 'lp_0173']"
11029416,"['lp_0172', 'lp_0173']"
10613875,"['lp_0172', 'lp_0173']"
9335287,"['lp_0172', 'lp_0173']"
18371204,"['lp_0172', 'lp_0173']"
26712933,"['lp_0172', 'lp_0173']"
9829942,"['lp_0172', 'lp_0173']"
11489864,"['lp_0172', 'lp_0173']"
12296976,"['lp_0172', 'lp_0173']"
11931563,"['lp_0172', 'lp_0173']"
11274109,"['lp_0172', 'lp_0173']"
7476184,"['lp_0172', 'lp_0173']"
26030923,"['lp_0172', 'lp_0173']"
11065368,"['lp_0172', 'lp_0173']"
16267306,"['lp_0172', 'lp_0173']"
21964732,"['lp_0172', 'lp_0173']"
19011066,"['lp_0172', 'lp_0173']"
18490461,"['lp_0172', 'lp_0173']"
2670898,"['lp_0172', 'lp_0173']"
14993310,"['lp_0172', 'lp_0173']"
9388231,"['lp_0172', 'lp_0173']"
12228270,"['lp_0172', 'lp_0173']"
11004180,"['lp_0172', 'lp_0173']"
18096372,"['lp_0172', 'lp_0173']"
22846451,"['lp_0172', 'lp_0173']"
10844647,"['lp_0172', 'lp_0173']"
26077560,"['lp_0172', 'lp_0173']"
25157083,"['lp_0172', 'lp_0173']"
18223086,"['lp_0172', 'lp_0173']"
15231787,"['lp_0172', 'lp_0173']"
11361075,"['lp_0172', 'lp_0173']"
17981974,"['lp_0172', 'lp_0173']"
19450265,"['lp_0172', 'lp_0173']"
17905980,"['lp_0172', 'lp_0173']"
16075200,"['lp_0172', 'lp_0173']"
25487891,"['lp_0172', 'lp_0173']"
7592460,"['lp_0172', 'lp_0173']"
10941796,"['lp_0172', 'lp_0173']"
29517411,"['lp_0172', 'lp_0173']"
8664499,"['lp_0600', 'lp_0373']"
16930615,"['lp_0600', 'lp_0373']"
9495006,"['lp_0600', 'lp_0373']"
16624436,"['lp_0600', 'lp_0373']"
16157307,"['lp_0600', 'lp_0373']"
18410340,"['lp_0600', 'lp_0373']"
18819405,"['lp_0600', 'lp_0373']"
19843212,"['lp_0600', 'lp_0373']"
17046707,"['lp_0600', 'lp_0373']"
16000709,"['lp_0600', 'lp_0373']"
18267320,"['lp_0600', 'lp_0373']"
15610418,"['lp_0600', 'lp_0373']"
16814424,"['lp_0600', 'lp_0373']"
18511886,"['lp_0600', 'lp_0373']"
10873644,"['lp_0600', 'lp_0373']"
7736599,"['lp_0600', 'lp_0373']"
16313422,"['lp_0600', 'lp_0373']"
17961648,"['lp_0600', 'lp_0373']"
19523147,"['lp_0600', 'lp_0373']"
16033468,"['lp_0600', 'lp_0373']"
15954662,"['lp_0600', 'lp_0373']"
17541504,"['lp_0600', 'lp_0373']"
19243442,"['lp_0600', 'lp_0373']"
19066885,"['lp_0600', 'lp_0373']"
16245871,"['lp_0600', 'lp_0373']"
19060397,"['lp_0600', 'lp_0373']"
16233128,"['lp_0600', 'lp_0373']"
19246745,"['lp_0600', 'lp_0373']"
12061783,"['lp_0600', 'lp_0373']"
19399991,"['lp_0600', 'lp_0373']"
18535826,"['lp_0600', 'lp_0373']"
17957113,"['lp_0600', 'lp_0373']"
18217938,"['lp_0600', 'lp_0373']"
16461726,"['lp_0600', 'lp_0373']"
19146533,"['lp_0600', 'lp_0373']"
18557944,"['lp_0600', 'lp_0373']"
18834642,"['lp_0600', 'lp_0373']"
18634821,"['lp_0600', 'lp_0373']"
19519532,"['lp_0600', 'lp_0373']"
19618275,"['lp_0600', 'lp_0373']"
18759446,"['lp_0600', 'lp_0373']"
18469106,"['lp_0600', 'lp_0373']"
19393172,"['lp_0600', 'lp_0373']"
17399831,"['lp_0600', 'lp_0373']"
16271156,"['lp_0600', 'lp_0373']"
19552789,"['lp_0600', 'lp_0373']"
9011036,"['lp_0600', 'lp_0373']"
19535397,"['lp_0600', 'lp_0373']"
18422938,"['lp_0600', 'lp_0373']"
19481123,"['lp_0600', 'lp_0373']"
19407995,"['lp_0600', 'lp_0373']"
18423015,"['lp_0600', 'lp_0373']"
17481763,"['lp_0600', 'lp_0373']"
12859771,"['lp_0600', 'lp_0373']"
2119600,"['lp_0600', 'lp_0373']"
27576355,"['lp_0600', 'lp_0373']"
22642479,"['lp_0600', 'lp_0373']"
16340407,"['lp_0600', 'lp_0373']"
13254861,"['lp_0600', 'lp_0373']"
13549395,"['lp_0600', 'lp_0373']"
18149986,"['lp_0600', 'lp_0373']"
13408244,"['lp_0600', 'lp_0373']"
13264376,"['lp_0600', 'lp_0373']"
19956615,"['lp_0775', 'lp_2943']"
23726792,"['lp_0775', 'lp_2991']"
22416715,"['lp_0775', 'lp_2991']"
24118739,"['lp_0775', 'lp_2991']"
26608167,"['lp_0775', 'lp_2578']"
20923582,"['lp_0775', 'lp_2991']"
20070917,"['lp_0775', 'lp_2991']"
24562327,"['lp_0775', 'lp_2943']"
16490333,"['lp_0789', 'lp_3014']"
25135489,"['lp_0789', 'lp_3014']"
16048934,"['lp_0789', 'lp_3014']"
9709204,"['lp_0789', 'lp_3014']"
16482441,"['lp_0789', 'lp_3014']"
18926917,"['lp_0789', 'lp_3014']"
24320237,"['lp_0789', 'lp_3014']"
1777389,"['lp_0789', 'lp_3014']"
23534959,"['lp_0789', 'lp_3014']"
22286996,"['lp_0789', 'lp_3014']"
7430338,"['lp_0789', 'lp_3014']"
11569257,"['lp_0789', 'lp_3014']"
17324959,"['lp_0789', 'lp_3014']"
17172520,"['lp_0789', 'lp_3014']"
7429637,"['lp_0789', 'lp_3014']"
26198124,"['lp_0789', 'lp_3014']"
27793096,"['lp_0789', 'lp_3014']"
2928636,"['lp_0789', 'lp_3014']"
3827251,"['lp_0789', 'lp_3014']"
27752783,"['lp_0789', 'lp_3014']"
21282650,"['lp_0789', 'lp_3014']"
22922030,"['lp_0789', 'lp_3014']"
8890152,"['lp_0789', 'lp_3014']"
3394445,"['lp_0789', 'lp_3014']"
16503361,"['lp_0789', 'lp_3014']"
7747966,"['lp_0789', 'lp_3014']"
19200307,"['lp_0789', 'lp_3014']"
16923896,"['lp_0789', 'lp_3014']"
9106216,"['lp_0789', 'lp_3014']"
16181789,"['lp_0789', 'lp_3014']"
28819629,"['lp_0789', 'lp_3014']"
16990938,"['lp_0789', 'lp_3014']"
9624475,"['lp_0789', 'lp_3014']"
7345565,"['lp_0789', 'lp_3014']"
11759047,"['lp_0789', 'lp_3014']"
16386389,"['lp_0789', 'lp_3014']"
15215130,"['lp_0789', 'lp_3014']"
6803594,"['lp_0789', 'lp_3014']"
23059632,"['lp_0789', 'lp_3014']"
17848374,"['lp_0789', 'lp_3014']"
18607587,"['lp_0789', 'lp_3014']"
12709327,"['lp_0789', 'lp_3014']"
1367977,"['lp_0789', 'lp_3014']"
25809213,"['lp_0789', 'lp_3014']"
25291116,"['lp_0789', 'lp_3014']"
14576095,"['lp_0789', 'lp_3014']"
26178377,"['lp_0789', 'lp_3014']"
708586,"['lp_0789', 'lp_3014']"
25423758,"['lp_0789', 'lp_3014']"
27943001,"['lp_0789', 'lp_3014']"
16752267,"['lp_0789', 'lp_3014']"
8432600,"['lp_0789', 'lp_3014']"
7276143,"['lp_0789', 'lp_3014']"
1787188,"['lp_0789', 'lp_3014']"
23380729,"['lp_0789', 'lp_3014']"
16549678,"['lp_0789', 'lp_3014']"
23313673,"['lp_0789', 'lp_3014']"
24958375,"['lp_0789', 'lp_3014']"
8365700,"['lp_0789', 'lp_3014']"
4949481,"['lp_0789', 'lp_3014']"
6798,"['lp_0789', 'lp_3014']"
24000282,"['lp_0789', 'lp_3014']"
22447603,"['lp_0789', 'lp_3014']"
25213027,"['lp_0789', 'lp_3014']"
27217919,"['lp_0789', 'lp_3014']"
25720152,"['lp_0789', 'lp_3014']"
20418431,"['lp_0789', 'lp_3014']"
3281899,"['lp_0789', 'lp_3014']"
26481103,"['lp_0789', 'lp_3014']"
26468740,"['lp_0789', 'lp_3014']"
29760099,"['lp_0789', 'lp_3014']"
26439865,"['lp_0789', 'lp_3014']"
24649377,"['lp_0789', 'lp_3014']"
28729697,"['lp_0789', 'lp_3014']"
29608387,"['lp_0789', 'lp_3014']"
28266573,"['lp_0789', 'lp_3014']"
21255363,"['lp_1002', 'lp_2631']"
23216623,"['lp_1002', 'lp_0796']"
17712554,"['lp_1002', 'lp_1760']"
27260363,"['lp_1002', 'lp_0796']"
22352374,"['lp_1002', 'lp_0796']"
16061395,"['lp_1002', 'lp_2631']"
20127235,"['lp_1002', 'lp_0796']"
28045590,"['lp_1002', 'lp_0796']"
19242690,"['lp_1002', 'lp_0796']"
21757926,"['lp_1002', 'lp_0796']"
23203636,"['lp_1002', 'lp_0796']"
29619637,"['lp_1008', 'lp_1088']"
28624630,"['lp_1008', 'lp_1088']"
27785719,"['lp_1008', 'lp_1088']"
29654460,"['lp_1008', 'lp_1088']"
28382444,"['lp_1008', 'lp_1088']"
28942473,"['lp_1008', 'lp_1088']"
26408117,"['lp_1008', 'lp_1088']"
29742169,"['lp_1008', 'lp_1088']"
26520261,"['lp_1008', 'lp_1088']"
29238931,"['lp_1008', 'lp_1088']"
25874437,"['lp_1008', 'lp_1088']"
26743648,"['lp_1008', 'lp_1088']"
29705897,"['lp_1008', 'lp_1088']"
29282664,"['lp_1008', 'lp_1088']"
24558343,"['lp_1008', 'lp_1088']"
26062459,"['lp_1008', 'lp_1088']"
29090434,"['lp_1008', 'lp_1088']"
12267619,"['lp_1008', 'lp_1088']"
27966083,"['lp_1008', 'lp_1088']"
28378312,"['lp_1008', 'lp_1088']"
28555393,"['lp_1008', 'lp_1088']"
26620862,"['lp_1008', 'lp_1088']"
27522202,"['lp_1008', 'lp_1088']"
27180840,"['lp_1008', 'lp_1088']"
29353358,"['lp_1008', 'lp_1088']"
27139801,"['lp_1008', 'lp_1088']"
27878709,"['lp_1008', 'lp_1088']"
28929456,"['lp_1008', 'lp_1088']"
26282441,"['lp_1008', 'lp_1088']"
27072031,"['lp_1008', 'lp_1088']"
26179643,"['lp_1008', 'lp_1088']"
29315964,"['lp_1008', 'lp_1088']"
22103244,"['lp_1008', 'lp_1088']"
29782534,"['lp_1008', 'lp_1088']"
26635224,"['lp_1008', 'lp_1088']"
26857005,"['lp_1008', 'lp_1088']"
25994273,"['lp_1008', 'lp_1088']"
28251538,"['lp_1008', 'lp_1088']"
28108924,"['lp_1008', 'lp_1088']"
29235026,"['lp_1008', 'lp_1088']"
26983914,"['lp_1008', 'lp_1088']"
27068914,"['lp_1008', 'lp_1088']"
27984791,"['lp_1008', 'lp_1088']"
24568940,"['lp_1008', 'lp_1088']"
22946207,"['lp_1008', 'lp_1088']"
12290720,"['lp_1008', 'lp_1088']"
28753507,"['lp_1008', 'lp_1088']"
29247415,"['lp_1008', 'lp_1088']"
29464597,"['lp_1008', 'lp_1088']"
29674792,"['lp_1008', 'lp_1088']"
25261518,"['lp_1424', 'lp_1425']"
21895894,"['lp_1424', 'lp_1425']"
27637884,"['lp_1424', 'lp_1425']"
16099486,"['lp_1424', 'lp_1425']"
26690311,"['lp_1424', 'lp_1425']"
14690369,"['lp_1424', 'lp_1425']"
11412317,"['lp_1424', 'lp_1425']"
27871334,"['lp_1424', 'lp_1425']"
22351494,"['lp_1424', 'lp_1425']"
25475296,"['lp_1424', 'lp_1425']"
28071017,"['lp_1424', 'lp_1425']"
25370078,"['lp_1424', 'lp_1425']"
27240933,"['lp_1424', 'lp_1425']"
19376463,"['lp_1424', 'lp_1425']"
26095293,"['lp_1424', 'lp_1425']"
27148172,"['lp_1424', 'lp_1425']"
23022427,"['lp_1424', 'lp_1425']"
23383718,"['lp_1424', 'lp_1425']"
18071845,"['lp_1424', 'lp_1425']"
22034238,"['lp_1424', 'lp_1425']"
16524605,"['lp_1424', 'lp_1425']"
29433231,"['lp_1424', 'lp_1425']"
22797656,"['lp_1424', 'lp_1425']"
14672188,"['lp_1424', 'lp_1425']"
26308368,"['lp_1424', 'lp_1425']"
27602554,"['lp_1424', 'lp_1425']"
24334091,"['lp_1424', 'lp_1425']"
23605727,"['lp_1424', 'lp_1425']"
25790992,"['lp_1424', 'lp_1425']"
14633037,"['lp_1424', 'lp_1425']"
11549028,"['lp_1424', 'lp_1425']"
16385120,"['lp_1424', 'lp_1425']"
1510572,"['lp_1424', 'lp_1425']"
25846933,"['lp_1424', 'lp_1425']"
17451990,"['lp_1424', 'lp_1425']"
25547838,"['lp_1424', 'lp_1425']"
11157345,"['lp_1424', 'lp_1425']"
26437637,"['lp_1424', 'lp_1425']"
25039289,"['lp_1424', 'lp_1425']"
20688231,"['lp_1424', 'lp_1425']"
24242246,"['lp_1424', 'lp_1425']"
20028439,"['lp_1424', 'lp_1425']"
25536445,"['lp_1424', 'lp_1425']"
23851099,"['lp_1424', 'lp_1425']"
24764016,"['lp_1424', 'lp_1425']"
26830743,"['lp_1424', 'lp_1425']"
20038704,"['lp_1760', 'lp_2631']"
15043875,"['lp_1760', 'lp_2631']"
16672457,"['lp_1760', 'lp_2631']"
17516048,"['lp_1760', 'lp_2631']"
20386955,"['lp_1760', 'lp_2631']"
23759865,"['lp_1760', 'lp_0796']"
15691936,"['lp_1760', 'lp_2631']"
21995443,"['lp_1760', 'lp_2631']"
23001008,"['lp_1760', 'lp_0796']"
15960667,"['lp_1760', 'lp_2631']"
12741535,"['lp_1760', 'lp_2631']"
23684391,"['lp_1760', 'lp_2631']"
27418433,"['lp_1760', 'lp_2631']"
20416373,"['lp_2376', 'lp_2943']"
22706054,"['lp_2578', 'lp_0373']"
26185907,"['lp_2578', 'lp_2991']"
29795550,"['lp_2578', 'lp_0373']"
26920474,"['lp_2631', 'lp_0796']"
23498181,"['lp_2631', 'lp_0796']"
23117417,"['lp_2631', 'lp_0796']"
18031349,"['lp_2631', 'lp_0796']"
26915995,"['lp_2631', 'lp_0796']"
22814499,"['lp_2631', 'lp_0796']"
21336688,"['lp_2631', 'lp_0796']"
17672304,"['lp_2631', 'lp_0796']"
12764567,"['lp_2631', 'lp_0796']"
23852706,"['lp_2631', 'lp_0796']"
17340878,"['lp_2631', 'lp_0373']"
24228753,"['lp_2631', 'lp_0796']"
21949063,"['lp_2631', 'lp_2714']"
16030216,"['lp_2714', 'lp_2991']"
21131525,"['lp_2714', 'lp_0373']"
18805979,"['lp_2714', 'lp_2991']"
27107126,"['lp_2991', 'lp_0373']"
27487802,"['lp_2991', 'lp_0373']"
26718464,"['lp_2991', 'lp_0373']"
16385118,"['lp_2991', 'lp_0373']"
26279684,"['lp_2991', 'lp_0373']"
25444879,"['lp_2991', 'lp_0373']"
21037001,"['lp_2991', 'lp_0373']"
29379071,"['lp_2991', 'lp_0373']"
26627851,"['lp_2991', 'lp_2943']"
28045137,"['lp_2991', 'lp_0373']"
22559291,"['lp_2991', 'lp_0373']"
29027118,"['lp_2991', 'lp_0373']"
28779118,"['lp_2991', 'lp_0373']"
29568414,"['lp_2991', 'lp_0373']"
29414317,"['lp_2991', 'lp_2943']"
29162929,"['lp_2991', 'lp_2943']"
24407651,"['lp_2991', 'lp_0373']"
29482992,"['lp_2991', 'lp_2943']"
15746322,"['lp_3050', 'lp_0373']"
23098256,"['lp_3050', 'lp_0373']"
11735117,"['lp_3050', 'lp_0373']"
18698135,"['lp_3050', 'lp_0373']"
28163128,"['lp_3050', 'lp_0373']"
12553826,"['lp_3050', 'lp_0373']"
27014926,"['lp_3050', 'lp_0373']"
21442551,"['lp_3050', 'lp_0373']"
12020349,"['lp_3050', 'lp_0373']"
19266319,"['lp_3050', 'lp_0373']"
18667852,"['lp_3050', 'lp_0373']"
28118755,"['lp_3050', 'lp_0373']"
17459326,"['lp_3050', 'lp_0373']"
19473032,"['lp_3050', 'lp_0373']"
29393700,"['lp_3050', 'lp_0373']"
12757596,"['lp_3050', 'lp_0373']"
14871895,"['lp_3050', 'lp_0373']"
20601517,"['lp_3050', 'lp_0373']"
20602988,"['lp_3050', 'lp_0373']"
20464388,"['lp_3050', 'lp_0373']"
18399627,"['lp_3050', 'lp_0373']"
22404040,"['lp_3050', 'lp_0373']"
12192069,"['lp_3050', 'lp_0373']"
21143932,"['lp_3050', 'lp_0373']"
20224007,"['lp_3050', 'lp_0373']"
12957811,"['lp_3050', 'lp_0373']"
17699491,"['lp_3050', 'lp_0373']"
2669121,"['lp_3050', 'lp_0373']"
10960116,"['lp_3050', 'lp_0373']"
11546787,"['lp_3050', 'lp_0373']"
2008903,"['lp_3050', 'lp_0373']"
29198849,"['lp_3050', 'lp_0373']"
17506826,"['lp_3050', 'lp_0373']"
17032224,"['lp_3050', 'lp_0373']"
15985073,"['lp_3050', 'lp_0373']"
20576301,"['lp_3050', 'lp_0373']"
15583401,"['lp_3050', 'lp_0373']"
1434280,"['lp_3050', 'lp_0373']"
12771711,"['lp_3050', 'lp_0373']"
19028028,"['lp_3050', 'lp_0373']"
19118878,"['lp_3050', 'lp_0373']"
18059564,"['lp_3050', 'lp_0373']"
29223342,"['lp_3050', 'lp_0373']"
26641915,"['lp_3050', 'lp_0373']"
21264418,"['lp_3050', 'lp_0373']"
14915956,"['lp_3050', 'lp_0373']"
21782782,"['lp_3050', 'lp_0373']"
29620872,"['lp_3050', 'lp_0373']"
29124192,"['lp_3050', 'lp_0373']"
25509376,"['lp_3050', 'lp_0373']"
13727916,"['lp_3050', 'lp_0373']"
